<?xml version="1.0" standalone="yes"?>
<PosOutDataSet xmlns="http://tempuri.org/PosOutDataSet.xsd">
  <xs:schema id="PosOutDataSet" targetNamespace="http://tempuri.org/PosOutDataSet.xsd" xmlns:mstns="http://tempuri.org/PosOutDataSet.xsd" xmlns="http://tempuri.org/PosOutDataSet.xsd" xmlns:xs="http://www.w3.org/2001/XMLSchema" xmlns:msdata="urn:schemas-microsoft-com:xml-msdata" attributeFormDefault="qualified" elementFormDefault="qualified">
    <xs:element name="PosOutDataSet" msdata:IsDataSet="true" msdata:UseCurrentLocale="true">
      <xs:complexType>
        <xs:choice minOccurs="0" maxOccurs="unbounded">
          <xs:element name="Xml_CashierClose">
            <xs:complexType>
              <xs:sequence>
                <xs:element name="Id" msdata:DataType="System.Guid, mscorlib, Version=4.0.0.0, Culture=neutral, PublicKeyToken=b77a5c561934e089" type="xs:string" />
                <xs:element name="Consecutive" type="xs:int" />
                <xs:element name="IdCashier" msdata:DataType="System.Guid, mscorlib, Version=4.0.0.0, Culture=neutral, PublicKeyToken=b77a5c561934e089" type="xs:string" />
                <xs:element name="IsCashierVerification" type="xs:boolean" />
                <xs:element name="AddedDate" type="xs:dateTime" />
                <xs:element name="InitialDate" type="xs:dateTime" minOccurs="0" />
                <xs:element name="FinalDate" type="xs:dateTime" minOccurs="0" />
                <xs:element name="IsOK" type="xs:boolean" />
                <xs:element name="ModifiedBy" minOccurs="0">
                  <xs:simpleType>
                    <xs:restriction base="xs:string">
                      <xs:maxLength value="20" />
                    </xs:restriction>
                  </xs:simpleType>
                </xs:element>
                <xs:element name="ModifiedOn" minOccurs="0">
                  <xs:simpleType>
                    <xs:restriction base="xs:string">
                      <xs:maxLength value="255" />
                    </xs:restriction>
                  </xs:simpleType>
                </xs:element>
                <xs:element name="SupervisedBy" minOccurs="0">
                  <xs:simpleType>
                    <xs:restriction base="xs:string">
                      <xs:maxLength value="20" />
                    </xs:restriction>
                  </xs:simpleType>
                </xs:element>
                <xs:element name="IsClosed" type="xs:boolean" />
                <xs:element name="NotifySent" type="xs:boolean" />
              </xs:sequence>
            </xs:complexType>
          </xs:element>
          <xs:element name="Xml_Synchronization">
            <xs:complexType>
              <xs:sequence>
                <xs:element name="IdShop">
                  <xs:simpleType>
                    <xs:restriction base="xs:string">
                      <xs:maxLength value="12" />
                    </xs:restriction>
                  </xs:simpleType>
                </xs:element>
                <xs:element name="LastInitialDateIn" type="xs:dateTime" minOccurs="0" />
                <xs:element name="LastFinalDateIn" type="xs:dateTime" minOccurs="0" />
                <xs:element name="LastNotesIn" minOccurs="0">
                  <xs:simpleType>
                    <xs:restriction base="xs:string">
                      <xs:maxLength value="500" />
                    </xs:restriction>
                  </xs:simpleType>
                </xs:element>
                <xs:element name="DaysPlanIn">
                  <xs:simpleType>
                    <xs:restriction base="xs:string">
                      <xs:maxLength value="15" />
                    </xs:restriction>
                  </xs:simpleType>
                </xs:element>
                <xs:element name="HoursPlanIn" minOccurs="0">
                  <xs:simpleType>
                    <xs:restriction base="xs:string">
                      <xs:maxLength value="500" />
                    </xs:restriction>
                  </xs:simpleType>
                </xs:element>
                <xs:element name="LastInitialDateOut" type="xs:dateTime" minOccurs="0" />
                <xs:element name="LastFinalDateOut" type="xs:dateTime" minOccurs="0" />
                <xs:element name="LastNotesOut" minOccurs="0">
                  <xs:simpleType>
                    <xs:restriction base="xs:string">
                      <xs:maxLength value="500" />
                    </xs:restriction>
                  </xs:simpleType>
                </xs:element>
                <xs:element name="DaysPlanOut">
                  <xs:simpleType>
                    <xs:restriction base="xs:string">
                      <xs:maxLength value="15" />
                    </xs:restriction>
                  </xs:simpleType>
                </xs:element>
                <xs:element name="HoursPlanOut" minOccurs="0">
                  <xs:simpleType>
                    <xs:restriction base="xs:string">
                      <xs:maxLength value="500" />
                    </xs:restriction>
                  </xs:simpleType>
                </xs:element>
              </xs:sequence>
            </xs:complexType>
          </xs:element>
          <xs:element name="Xml_CashierCloseDetail">
            <xs:complexType>
              <xs:sequence>
                <xs:element name="Id" msdata:DataType="System.Guid, mscorlib, Version=4.0.0.0, Culture=neutral, PublicKeyToken=b77a5c561934e089" type="xs:string" />
                <xs:element name="IdCashierClose" msdata:DataType="System.Guid, mscorlib, Version=4.0.0.0, Culture=neutral, PublicKeyToken=b77a5c561934e089" type="xs:string" />
                <xs:element name="IdMovementType" type="xs:int" />
                <xs:element name="IdOperationCurrency" type="xs:int" />
                <xs:element name="IsCanceling" type="xs:boolean" />
                <xs:element name="OperationAmount" type="xs:decimal" />
                <xs:element name="CashierOperationAmount" type="xs:decimal" />
                <xs:element name="Amount" type="xs:decimal" />
                <xs:element name="LastChangeRate" type="xs:decimal" />
                <xs:element name="Count" type="xs:int" />
              </xs:sequence>
            </xs:complexType>
          </xs:element>
          <xs:element name="Xml_CashierCloseMoney">
            <xs:complexType>
              <xs:sequence>
                <xs:element name="Id" msdata:DataType="System.Guid, mscorlib, Version=4.0.0.0, Culture=neutral, PublicKeyToken=b77a5c561934e089" type="xs:string" />
                <xs:element name="IdCashierClose" msdata:DataType="System.Guid, mscorlib, Version=4.0.0.0, Culture=neutral, PublicKeyToken=b77a5c561934e089" type="xs:string" />
                <xs:element name="IdType" type="xs:int" />
                <xs:element name="IdOperationCurrency" type="xs:int" />
                <xs:element name="OperationAmount" type="xs:decimal" />
                <xs:element name="CashierOperationAmount" type="xs:decimal" />
                <xs:element name="LastChangeRate" type="xs:decimal" />
                <xs:element name="Amount" type="xs:decimal" />
              </xs:sequence>
            </xs:complexType>
          </xs:element>
          <xs:element name="Xml_Dim">
            <xs:complexType>
              <xs:sequence>
                <xs:element name="Id" type="xs:int" />
                <xs:element name="IdJDE" type="xs:int" minOccurs="0" />
                <xs:element name="IdType" type="xs:int" />
                <xs:element name="IdSponsor" type="xs:int" minOccurs="0" />
                <xs:element name="AddedDate" type="xs:dateTime" />
                <xs:element name="Calification">
                  <xs:simpleType>
                    <xs:restriction base="xs:string">
                      <xs:maxLength value="1" />
                    </xs:restriction>
                  </xs:simpleType>
                </xs:element>
                <xs:element name="Name">
                  <xs:simpleType>
                    <xs:restriction base="xs:string">
                      <xs:maxLength value="50" />
                    </xs:restriction>
                  </xs:simpleType>
                </xs:element>
                <xs:element name="LastName" minOccurs="0">
                  <xs:simpleType>
                    <xs:restriction base="xs:string">
                      <xs:maxLength value="20" />
                    </xs:restriction>
                  </xs:simpleType>
                </xs:element>
                <xs:element name="MotherMaidenName" minOccurs="0">
                  <xs:simpleType>
                    <xs:restriction base="xs:string">
                      <xs:maxLength value="20" />
                    </xs:restriction>
                  </xs:simpleType>
                </xs:element>
                <xs:element name="IsOfficialId" type="xs:boolean" />
                <xs:element name="HasAddressProof" type="xs:boolean" />
                <xs:element name="CoHolder" minOccurs="0">
                  <xs:simpleType>
                    <xs:restriction base="xs:string">
                      <xs:maxLength value="50" />
                    </xs:restriction>
                  </xs:simpleType>
                </xs:element>
                <xs:element name="SpouseName" minOccurs="0">
                  <xs:simpleType>
                    <xs:restriction base="xs:string">
                      <xs:maxLength value="50" />
                    </xs:restriction>
                  </xs:simpleType>
                </xs:element>
                <xs:element name="SpouseLastName" minOccurs="0">
                  <xs:simpleType>
                    <xs:restriction base="xs:string">
                      <xs:maxLength value="20" />
                    </xs:restriction>
                  </xs:simpleType>
                </xs:element>
                <xs:element name="SpouseMotherMaidenName" minOccurs="0">
                  <xs:simpleType>
                    <xs:restriction base="xs:string">
                      <xs:maxLength value="20" />
                    </xs:restriction>
                  </xs:simpleType>
                </xs:element>
                <xs:element name="CURP" minOccurs="0">
                  <xs:simpleType>
                    <xs:restriction base="xs:string">
                      <xs:maxLength value="25" />
                    </xs:restriction>
                  </xs:simpleType>
                </xs:element>
                <xs:element name="TaxRegister" minOccurs="0">
                  <xs:simpleType>
                    <xs:restriction base="xs:string">
                      <xs:maxLength value="50" />
                    </xs:restriction>
                  </xs:simpleType>
                </xs:element>
                <xs:element name="BirthDate" type="xs:dateTime" />
                <xs:element name="LowDate" type="xs:dateTime" minOccurs="0" />
                <xs:element name="IdBank" type="xs:int" />
                <xs:element name="BankAccount" minOccurs="0">
                  <xs:simpleType>
                    <xs:restriction base="xs:string">
                      <xs:maxLength value="50" />
                    </xs:restriction>
                  </xs:simpleType>
                </xs:element>
                <xs:element name="KeyAccount" minOccurs="0">
                  <xs:simpleType>
                    <xs:restriction base="xs:string">
                      <xs:maxLength value="50" />
                    </xs:restriction>
                  </xs:simpleType>
                </xs:element>
                <xs:element name="Sucursal" minOccurs="0">
                  <xs:simpleType>
                    <xs:restriction base="xs:string">
                      <xs:maxLength value="50" />
                    </xs:restriction>
                  </xs:simpleType>
                </xs:element>
                <xs:element name="IdSex" type="xs:int" />
                <xs:element name="IdMaritalStatus" type="xs:int" />
                <xs:element name="TaxRetention" type="xs:boolean" />
                <xs:element name="IdIVAGroup" type="xs:int" />
                <xs:element name="DiscountPercent" type="xs:decimal" />
                <xs:element name="Address1">
                  <xs:simpleType>
                    <xs:restriction base="xs:string">
                      <xs:maxLength value="50" />
                    </xs:restriction>
                  </xs:simpleType>
                </xs:element>
                <xs:element name="ExteriorNumber" minOccurs="0">
                  <xs:simpleType>
                    <xs:restriction base="xs:string">
                      <xs:maxLength value="20" />
                    </xs:restriction>
                  </xs:simpleType>
                </xs:element>
                <xs:element name="InteriorNumber" minOccurs="0">
                  <xs:simpleType>
                    <xs:restriction base="xs:string">
                      <xs:maxLength value="50" />
                    </xs:restriction>
                  </xs:simpleType>
                </xs:element>
                <xs:element name="Address2" minOccurs="0">
                  <xs:simpleType>
                    <xs:restriction base="xs:string">
                      <xs:maxLength value="50" />
                    </xs:restriction>
                  </xs:simpleType>
                </xs:element>
                <xs:element name="Address3" minOccurs="0">
                  <xs:simpleType>
                    <xs:restriction base="xs:string">
                      <xs:maxLength value="50" />
                    </xs:restriction>
                  </xs:simpleType>
                </xs:element>
                <xs:element name="Address4" minOccurs="0">
                  <xs:simpleType>
                    <xs:restriction base="xs:string">
                      <xs:maxLength value="50" />
                    </xs:restriction>
                  </xs:simpleType>
                </xs:element>
                <xs:element name="IdPopulation" type="xs:int" />
                <xs:element name="IdState" type="xs:int" />
                <xs:element name="IdCountry" type="xs:int" />
                <xs:element name="CP" minOccurs="0">
                  <xs:simpleType>
                    <xs:restriction base="xs:string">
                      <xs:maxLength value="12" />
                    </xs:restriction>
                  </xs:simpleType>
                </xs:element>
                <xs:element name="Reference" minOccurs="0">
                  <xs:simpleType>
                    <xs:restriction base="xs:string">
                      <xs:maxLength value="1000" />
                    </xs:restriction>
                  </xs:simpleType>
                </xs:element>
                <xs:element name="PhoneCell" minOccurs="0">
                  <xs:simpleType>
                    <xs:restriction base="xs:string">
                      <xs:maxLength value="20" />
                    </xs:restriction>
                  </xs:simpleType>
                </xs:element>
                <xs:element name="PhoneHome" minOccurs="0">
                  <xs:simpleType>
                    <xs:restriction base="xs:string">
                      <xs:maxLength value="20" />
                    </xs:restriction>
                  </xs:simpleType>
                </xs:element>
                <xs:element name="PhoneOffice" minOccurs="0">
                  <xs:simpleType>
                    <xs:restriction base="xs:string">
                      <xs:maxLength value="50" />
                    </xs:restriction>
                  </xs:simpleType>
                </xs:element>
                <xs:element name="Email" minOccurs="0">
                  <xs:simpleType>
                    <xs:restriction base="xs:string">
                      <xs:maxLength value="50" />
                    </xs:restriction>
                  </xs:simpleType>
                </xs:element>
                <xs:element name="Notes" minOccurs="0">
                  <xs:simpleType>
                    <xs:restriction base="xs:string">
                      <xs:maxLength value="500" />
                    </xs:restriction>
                  </xs:simpleType>
                </xs:element>
                <xs:element name="SaleRetention" type="xs:boolean" />
                <xs:element name="PointAmount" type="xs:decimal" />
                <xs:element name="PointAmountDate" type="xs:dateTime" />
                <xs:element name="PointAmountInLastCut" type="xs:decimal" minOccurs="0" />
                <xs:element name="MaxCreditAmount" type="xs:decimal" />
                <xs:element name="CreditAmount" type="xs:decimal" />
                <xs:element name="CreditAmountDate" type="xs:dateTime" />
                <xs:element name="CreditAmountInLastCut" type="xs:decimal" minOccurs="0" />
                <xs:element name="Consignable" type="xs:boolean" />
                <xs:element name="MaxConsignableAmount" type="xs:decimal" />
                <xs:element name="ConsignableAmount" type="xs:decimal" />
                <xs:element name="ConsignableAmountDate" type="xs:dateTime" />
                <xs:element name="ConsignableAmountInLastCut" type="xs:decimal" minOccurs="0" />
                <xs:element name="NeedInvoice" type="xs:boolean" />
                <xs:element name="IdDiffusionMedia" type="xs:int" />
                <xs:element name="ModifiedBy">
                  <xs:simpleType>
                    <xs:restriction base="xs:string">
                      <xs:maxLength value="255" />
                    </xs:restriction>
                  </xs:simpleType>
                </xs:element>
                <xs:element name="ModifiedDate" type="xs:dateTime" />
                <xs:element name="ModifiedOn" minOccurs="0">
                  <xs:simpleType>
                    <xs:restriction base="xs:string">
                      <xs:maxLength value="255" />
                    </xs:restriction>
                  </xs:simpleType>
                </xs:element>
                <xs:element name="ModifiedDateJDE" type="xs:dateTime" minOccurs="0" />
                <xs:element name="String1" minOccurs="0">
                  <xs:simpleType>
                    <xs:restriction base="xs:string">
                      <xs:maxLength value="50" />
                    </xs:restriction>
                  </xs:simpleType>
                </xs:element>
                <xs:element name="String2" minOccurs="0">
                  <xs:simpleType>
                    <xs:restriction base="xs:string">
                      <xs:maxLength value="50" />
                    </xs:restriction>
                  </xs:simpleType>
                </xs:element>
                <xs:element name="Disabled" type="xs:boolean" />
              </xs:sequence>
            </xs:complexType>
          </xs:element>
          <xs:element name="Xml_Dim_CreditSaleCollected">
            <xs:complexType>
              <xs:sequence>
                <xs:element name="Id" msdata:DataType="System.Guid, mscorlib, Version=4.0.0.0, Culture=neutral, PublicKeyToken=b77a5c561934e089" type="xs:string" />
                <xs:element name="IdShop">
                  <xs:simpleType>
                    <xs:restriction base="xs:string">
                      <xs:maxLength value="12" />
                    </xs:restriction>
                  </xs:simpleType>
                </xs:element>
                <xs:element name="IdDim" type="xs:int" />
                <xs:element name="IdOperation" msdata:DataType="System.Guid, mscorlib, Version=4.0.0.0, Culture=neutral, PublicKeyToken=b77a5c561934e089" type="xs:string" minOccurs="0" />
                <xs:element name="IdDimCreditCollect" msdata:DataType="System.Guid, mscorlib, Version=4.0.0.0, Culture=neutral, PublicKeyToken=b77a5c561934e089" type="xs:string" minOccurs="0" />
                <xs:element name="OfficialConsecutive">
                  <xs:simpleType>
                    <xs:restriction base="xs:string">
                      <xs:maxLength value="20" />
                    </xs:restriction>
                  </xs:simpleType>
                </xs:element>
                <xs:element name="IdCurrency" type="xs:int" />
                <xs:element name="OperationAmount" type="xs:decimal" />
                <xs:element name="ChangeRate" type="xs:decimal" />
                <xs:element name="Amount" type="xs:decimal" />
                <xs:element name="ModifiedDate" type="xs:dateTime" />
                <xs:element name="ModifiedBy" minOccurs="0">
                  <xs:simpleType>
                    <xs:restriction base="xs:string">
                      <xs:maxLength value="20" />
                    </xs:restriction>
                  </xs:simpleType>
                </xs:element>
                <xs:element name="ModifiedOn" minOccurs="0">
                  <xs:simpleType>
                    <xs:restriction base="xs:string">
                      <xs:maxLength value="255" />
                    </xs:restriction>
                  </xs:simpleType>
                </xs:element>
                <xs:element name="Disabled" type="xs:boolean" />
              </xs:sequence>
            </xs:complexType>
          </xs:element>
          <xs:element name="Xml_DimCreditCollect">
            <xs:complexType>
              <xs:sequence>
                <xs:element name="Id" msdata:DataType="System.Guid, mscorlib, Version=4.0.0.0, Culture=neutral, PublicKeyToken=b77a5c561934e089" type="xs:string" />
                <xs:element name="IdCashier" msdata:DataType="System.Guid, mscorlib, Version=4.0.0.0, Culture=neutral, PublicKeyToken=b77a5c561934e089" type="xs:string" />
                <xs:element name="IdDim" type="xs:int" />
                <xs:element name="Consecutive">
                  <xs:simpleType>
                    <xs:restriction base="xs:string">
                      <xs:maxLength value="20" />
                    </xs:restriction>
                  </xs:simpleType>
                </xs:element>
                <xs:element name="IdOperationCurrency" type="xs:int" />
                <xs:element name="ChangeRate" type="xs:decimal" />
                <xs:element name="OperationAmount" type="xs:decimal" />
                <xs:element name="Amount" type="xs:decimal" />
                <xs:element name="ModifiedBy">
                  <xs:simpleType>
                    <xs:restriction base="xs:string">
                      <xs:maxLength value="20" />
                    </xs:restriction>
                  </xs:simpleType>
                </xs:element>
                <xs:element name="ModifiedDate" type="xs:dateTime" />
                <xs:element name="ModifiedOn" minOccurs="0">
                  <xs:simpleType>
                    <xs:restriction base="xs:string">
                      <xs:maxLength value="255" />
                    </xs:restriction>
                  </xs:simpleType>
                </xs:element>
                <xs:element name="Notes" minOccurs="0">
                  <xs:simpleType>
                    <xs:restriction base="xs:string">
                      <xs:maxLength value="1000" />
                    </xs:restriction>
                  </xs:simpleType>
                </xs:element>
                <xs:element name="IdStatus" type="xs:int" />
                <xs:element name="SupervisedBy">
                  <xs:simpleType>
                    <xs:restriction base="xs:string">
                      <xs:maxLength value="20" />
                    </xs:restriction>
                  </xs:simpleType>
                </xs:element>
              </xs:sequence>
            </xs:complexType>
          </xs:element>
          <xs:element name="Xml_ExecutedScript">
            <xs:complexType>
              <xs:sequence>
                <xs:element name="Id" msdata:DataType="System.Guid, mscorlib, Version=4.0.0.0, Culture=neutral, PublicKeyToken=b77a5c561934e089" type="xs:string" />
                <xs:element name="IdShop" minOccurs="0">
                  <xs:simpleType>
                    <xs:restriction base="xs:string">
                      <xs:maxLength value="12" />
                    </xs:restriction>
                  </xs:simpleType>
                </xs:element>
                <xs:element name="IdScript">
                  <xs:simpleType>
                    <xs:restriction base="xs:string">
                      <xs:maxLength value="255" />
                    </xs:restriction>
                  </xs:simpleType>
                </xs:element>
                <xs:element name="ModifiedBy" minOccurs="0">
                  <xs:simpleType>
                    <xs:restriction base="xs:string">
                      <xs:maxLength value="255" />
                    </xs:restriction>
                  </xs:simpleType>
                </xs:element>
                <xs:element name="ModifiedDate" type="xs:dateTime" minOccurs="0" />
                <xs:element name="ModifiedOn" minOccurs="0">
                  <xs:simpleType>
                    <xs:restriction base="xs:string">
                      <xs:maxLength value="255" />
                    </xs:restriction>
                  </xs:simpleType>
                </xs:element>
              </xs:sequence>
            </xs:complexType>
          </xs:element>
          <xs:element name="Xml_Inventory">
            <xs:complexType>
              <xs:sequence>
                <xs:element name="Id" msdata:DataType="System.Guid, mscorlib, Version=4.0.0.0, Culture=neutral, PublicKeyToken=b77a5c561934e089" type="xs:string" />
                <xs:element name="IdShop">
                  <xs:simpleType>
                    <xs:restriction base="xs:string">
                      <xs:maxLength value="12" />
                    </xs:restriction>
                  </xs:simpleType>
                </xs:element>
                <xs:element name="IdProduct">
                  <xs:simpleType>
                    <xs:restriction base="xs:string">
                      <xs:maxLength value="15" />
                    </xs:restriction>
                  </xs:simpleType>
                </xs:element>
                <xs:element name="IdLocation" msdata:DataType="System.Guid, mscorlib, Version=4.0.0.0, Culture=neutral, PublicKeyToken=b77a5c561934e089" type="xs:string" minOccurs="0" />
                <xs:element name="IdDim" type="xs:int" minOccurs="0" />
                <xs:element name="Lot">
                  <xs:simpleType>
                    <xs:restriction base="xs:string">
                      <xs:maxLength value="15" />
                    </xs:restriction>
                  </xs:simpleType>
                </xs:element>
                <xs:element name="LotAddedDate" type="xs:dateTime" />
                <xs:element name="CostPrice" type="xs:decimal" minOccurs="0" />
                <xs:element name="Count" type="xs:double" />
                <xs:element name="ModifiedDate" type="xs:dateTime" />
              </xs:sequence>
            </xs:complexType>
          </xs:element>
          <xs:element name="Xml_Kardex">
            <xs:complexType>
              <xs:sequence>
                <xs:element name="Id" msdata:DataType="System.Guid, mscorlib, Version=4.0.0.0, Culture=neutral, PublicKeyToken=b77a5c561934e089" type="xs:string" />
                <xs:element name="IdShop">
                  <xs:simpleType>
                    <xs:restriction base="xs:string">
                      <xs:maxLength value="12" />
                    </xs:restriction>
                  </xs:simpleType>
                </xs:element>
                <xs:element name="IdOperation" msdata:DataType="System.Guid, mscorlib, Version=4.0.0.0, Culture=neutral, PublicKeyToken=b77a5c561934e089" type="xs:string" />
                <xs:element name="IdOperationType" type="xs:int" />
                <xs:element name="IdLocation" msdata:DataType="System.Guid, mscorlib, Version=4.0.0.0, Culture=neutral, PublicKeyToken=b77a5c561934e089" type="xs:string" minOccurs="0" />
                <xs:element name="IdDim" type="xs:int" minOccurs="0" />
                <xs:element name="OperationDate" type="xs:dateTime" />
                <xs:element name="IdOperationCurrency" type="xs:int" />
                <xs:element name="ChangeRate" type="xs:decimal" minOccurs="0" />
                <xs:element name="IdProduct" minOccurs="0">
                  <xs:simpleType>
                    <xs:restriction base="xs:string">
                      <xs:maxLength value="15" />
                    </xs:restriction>
                  </xs:simpleType>
                </xs:element>
                <xs:element name="IdProductType" type="xs:int" />
                <xs:element name="IdProductComposite" minOccurs="0">
                  <xs:simpleType>
                    <xs:restriction base="xs:string">
                      <xs:maxLength value="15" />
                    </xs:restriction>
                  </xs:simpleType>
                </xs:element>
                <xs:element name="IdUM" type="xs:int" />
                <xs:element name="Lot" minOccurs="0">
                  <xs:simpleType>
                    <xs:restriction base="xs:string">
                      <xs:maxLength value="15" />
                    </xs:restriction>
                  </xs:simpleType>
                </xs:element>
                <xs:element name="IdPriceType" type="xs:int" minOccurs="0" />
                <xs:element name="OperationCost" type="xs:decimal" minOccurs="0" />
                <xs:element name="OperationPrice" type="xs:decimal" minOccurs="0" />
                <xs:element name="OperationCount" type="xs:double" />
                <xs:element name="InventoryCount" type="xs:double" />
                <xs:element name="ByCancelation" type="xs:boolean" />
                <xs:element name="Notes" minOccurs="0">
                  <xs:simpleType>
                    <xs:restriction base="xs:string">
                      <xs:maxLength value="255" />
                    </xs:restriction>
                  </xs:simpleType>
                </xs:element>
              </xs:sequence>
            </xs:complexType>
          </xs:element>
          <xs:element name="Xml_MoneyMovement">
            <xs:complexType>
              <xs:sequence>
                <xs:element name="Id" msdata:DataType="System.Guid, mscorlib, Version=4.0.0.0, Culture=neutral, PublicKeyToken=b77a5c561934e089" type="xs:string" />
                <xs:element name="Consecutive" minOccurs="0">
                  <xs:simpleType>
                    <xs:restriction base="xs:string">
                      <xs:maxLength value="20" />
                    </xs:restriction>
                  </xs:simpleType>
                </xs:element>
                <xs:element name="IdType" type="xs:int" />
                <xs:element name="IdCashier" msdata:DataType="System.Guid, mscorlib, Version=4.0.0.0, Culture=neutral, PublicKeyToken=b77a5c561934e089" type="xs:string" />
                <xs:element name="IdOperationCurrency" type="xs:int" />
                <xs:element name="ChangeRate" type="xs:decimal" />
                <xs:element name="OperationAmount" type="xs:decimal" />
                <xs:element name="Amount" type="xs:decimal" />
                <xs:element name="IsCanceling" type="xs:boolean" />
                <xs:element name="AddedDate" type="xs:dateTime" />
                <xs:element name="IdOperation" msdata:DataType="System.Guid, mscorlib, Version=4.0.0.0, Culture=neutral, PublicKeyToken=b77a5c561934e089" type="xs:string" minOccurs="0" />
                <xs:element name="IsManual" type="xs:boolean" />
                <xs:element name="Notes" minOccurs="0">
                  <xs:simpleType>
                    <xs:restriction base="xs:string">
                      <xs:maxLength value="1000" />
                    </xs:restriction>
                  </xs:simpleType>
                </xs:element>
                <xs:element name="ModifiedBy" minOccurs="0">
                  <xs:simpleType>
                    <xs:restriction base="xs:string">
                      <xs:maxLength value="20" />
                    </xs:restriction>
                  </xs:simpleType>
                </xs:element>
                <xs:element name="SupervisedBy" minOccurs="0">
                  <xs:simpleType>
                    <xs:restriction base="xs:string">
                      <xs:maxLength value="20" />
                    </xs:restriction>
                  </xs:simpleType>
                </xs:element>
              </xs:sequence>
            </xs:complexType>
          </xs:element>
          <xs:element name="Xml_Operation_Pay">
            <xs:complexType>
              <xs:sequence>
                <xs:element name="Id" msdata:DataType="System.Guid, mscorlib, Version=4.0.0.0, Culture=neutral, PublicKeyToken=b77a5c561934e089" type="xs:string" />
                <xs:element name="IdOperation" msdata:DataType="System.Guid, mscorlib, Version=4.0.0.0, Culture=neutral, PublicKeyToken=b77a5c561934e089" type="xs:string" />
                <xs:element name="IdType" type="xs:int" />
                <xs:element name="Amount" type="xs:decimal" />
                <xs:element name="IdOperationCurrency" type="xs:int" />
                <xs:element name="ChangeRate" type="xs:decimal" />
                <xs:element name="OperationAmount" type="xs:decimal" />
                <xs:element name="CardNumber" minOccurs="0">
                  <xs:simpleType>
                    <xs:restriction base="xs:string">
                      <xs:maxLength value="20" />
                    </xs:restriction>
                  </xs:simpleType>
                </xs:element>
                <xs:element name="CardValidity" minOccurs="0">
                  <xs:simpleType>
                    <xs:restriction base="xs:string">
                      <xs:maxLength value="7" />
                    </xs:restriction>
                  </xs:simpleType>
                </xs:element>
                <xs:element name="CardAuthNumber" minOccurs="0">
                  <xs:simpleType>
                    <xs:restriction base="xs:string">
                      <xs:maxLength value="20" />
                    </xs:restriction>
                  </xs:simpleType>
                </xs:element>
                <xs:element name="IsCreditCard" type="xs:boolean" minOccurs="0" />
                <xs:element name="Notes" minOccurs="0">
                  <xs:simpleType>
                    <xs:restriction base="xs:string">
                      <xs:maxLength value="1000" />
                    </xs:restriction>
                  </xs:simpleType>
                </xs:element>
                <xs:element name="ReceivedAmountOperation" type="xs:decimal" minOccurs="0" />
                <xs:element name="ChangeAmount" type="xs:decimal" minOccurs="0" />
              </xs:sequence>
            </xs:complexType>
          </xs:element>
          <xs:element name="Xml_Operation">
            <xs:complexType>
              <xs:sequence>
                <xs:element name="Id" msdata:DataType="System.Guid, mscorlib, Version=4.0.0.0, Culture=neutral, PublicKeyToken=b77a5c561934e089" type="xs:string" />
                <xs:element name="IdJDE" type="xs:long" minOccurs="0" />
                <xs:element name="IdShop">
                  <xs:simpleType>
                    <xs:restriction base="xs:string">
                      <xs:maxLength value="12" />
                    </xs:restriction>
                  </xs:simpleType>
                </xs:element>
                <xs:element name="IdType" type="xs:int" />
                <xs:element name="IdSubType" type="xs:int" minOccurs="0" />
                <xs:element name="IdDim" type="xs:int" minOccurs="0" />
                <xs:element name="IdCashier" msdata:DataType="System.Guid, mscorlib, Version=4.0.0.0, Culture=neutral, PublicKeyToken=b77a5c561934e089" type="xs:string" minOccurs="0" />
                <xs:element name="Consecutive">
                  <xs:simpleType>
                    <xs:restriction base="xs:string">
                      <xs:maxLength value="20" />
                    </xs:restriction>
                  </xs:simpleType>
                </xs:element>
                <xs:element name="OfficialConsecutive" minOccurs="0">
                  <xs:simpleType>
                    <xs:restriction base="xs:string">
                      <xs:maxLength value="20" />
                    </xs:restriction>
                  </xs:simpleType>
                </xs:element>
                <xs:element name="CancelConsecutive" minOccurs="0">
                  <xs:simpleType>
                    <xs:restriction base="xs:string">
                      <xs:maxLength value="20" />
                    </xs:restriction>
                  </xs:simpleType>
                </xs:element>
                <xs:element name="Source" minOccurs="0">
                  <xs:simpleType>
                    <xs:restriction base="xs:string">
                      <xs:maxLength value="20" />
                    </xs:restriction>
                  </xs:simpleType>
                </xs:element>
                <xs:element name="Pediment" minOccurs="0">
                  <xs:simpleType>
                    <xs:restriction base="xs:string">
                      <xs:maxLength value="20" />
                    </xs:restriction>
                  </xs:simpleType>
                </xs:element>
                <xs:element name="IdOperationCurrency" type="xs:int" />
                <xs:element name="ChangeRate" type="xs:decimal" />
                <xs:element name="IVACodeAppliedToManagement" minOccurs="0">
                  <xs:simpleType>
                    <xs:restriction base="xs:string">
                      <xs:maxLength value="10" />
                    </xs:restriction>
                  </xs:simpleType>
                </xs:element>
                <xs:element name="IVAAppliedToManagement" type="xs:decimal" minOccurs="0" />
                <xs:element name="TotalPointOperation" type="xs:decimal" minOccurs="0" />
                <xs:element name="SubTotalOperationAmount" type="xs:decimal" minOccurs="0" />
                <xs:element name="TotalManagementOperation" type="xs:decimal" minOccurs="0" />
                <xs:element name="DiscountPercentApply" type="xs:decimal" minOccurs="0" />
                <xs:element name="TotalOperationDiscount" type="xs:decimal" minOccurs="0" />
                <xs:element name="TotalIVAOperation" type="xs:decimal" minOccurs="0" />
                <xs:element name="OperationAmount" type="xs:decimal" />
                <xs:element name="Amount" type="xs:decimal" />
                <xs:element name="IdStatus" type="xs:int" />
                <xs:element name="AddedDate" type="xs:dateTime" />
                <xs:element name="Reference" minOccurs="0">
                  <xs:simpleType>
                    <xs:restriction base="xs:string">
                      <xs:maxLength value="50" />
                    </xs:restriction>
                  </xs:simpleType>
                </xs:element>
                <xs:element name="Notes" minOccurs="0">
                  <xs:simpleType>
                    <xs:restriction base="xs:string">
                      <xs:maxLength value="2000" />
                    </xs:restriction>
                  </xs:simpleType>
                </xs:element>
                <xs:element name="ModifiedBy" minOccurs="0">
                  <xs:simpleType>
                    <xs:restriction base="xs:string">
                      <xs:maxLength value="20" />
                    </xs:restriction>
                  </xs:simpleType>
                </xs:element>
                <xs:element name="ModifiedDate" type="xs:dateTime" />
                <xs:element name="ModifiedOn" minOccurs="0">
                  <xs:simpleType>
                    <xs:restriction base="xs:string">
                      <xs:maxLength value="255" />
                    </xs:restriction>
                  </xs:simpleType>
                </xs:element>
                <xs:element name="String1" minOccurs="0">
                  <xs:simpleType>
                    <xs:restriction base="xs:string">
                      <xs:maxLength value="50" />
                    </xs:restriction>
                  </xs:simpleType>
                </xs:element>
                <xs:element name="String2" minOccurs="0">
                  <xs:simpleType>
                    <xs:restriction base="xs:string">
                      <xs:maxLength value="50" />
                    </xs:restriction>
                  </xs:simpleType>
                </xs:element>
              </xs:sequence>
            </xs:complexType>
          </xs:element>
          <xs:element name="Xml_OperationDetail">
            <xs:complexType>
              <xs:sequence>
                <xs:element name="Id" msdata:DataType="System.Guid, mscorlib, Version=4.0.0.0, Culture=neutral, PublicKeyToken=b77a5c561934e089" type="xs:string" />
                <xs:element name="IdOperation" msdata:DataType="System.Guid, mscorlib, Version=4.0.0.0, Culture=neutral, PublicKeyToken=b77a5c561934e089" type="xs:string" />
                <xs:element name="IdOperationJDE" type="xs:long" minOccurs="0" />
                <xs:element name="LineNumber" type="xs:long" minOccurs="0" />
                <xs:element name="IdLocation" msdata:DataType="System.Guid, mscorlib, Version=4.0.0.0, Culture=neutral, PublicKeyToken=b77a5c561934e089" type="xs:string" />
                <xs:element name="IdLocation2" msdata:DataType="System.Guid, mscorlib, Version=4.0.0.0, Culture=neutral, PublicKeyToken=b77a5c561934e089" type="xs:string" minOccurs="0" />
                <xs:element name="IdProduct">
                  <xs:simpleType>
                    <xs:restriction base="xs:string">
                      <xs:maxLength value="15" />
                    </xs:restriction>
                  </xs:simpleType>
                </xs:element>
                <xs:element name="IdProductType" type="xs:int" />
                <xs:element name="IdProductParent" minOccurs="0">
                  <xs:simpleType>
                    <xs:restriction base="xs:string">
                      <xs:maxLength value="15" />
                    </xs:restriction>
                  </xs:simpleType>
                </xs:element>
                <xs:element name="ParentRow" msdata:DataType="System.Guid, mscorlib, Version=4.0.0.0, Culture=neutral, PublicKeyToken=b77a5c561934e089" type="xs:string" minOccurs="0" />
                <xs:element name="IdUM" type="xs:int" />
                <xs:element name="DocCount" type="xs:double" minOccurs="0" />
                <xs:element name="Count" type="xs:double" />
                <xs:element name="Lot" minOccurs="0">
                  <xs:simpleType>
                    <xs:restriction base="xs:string">
                      <xs:maxLength value="15" />
                    </xs:restriction>
                  </xs:simpleType>
                </xs:element>
                <xs:element name="IdPriceType" type="xs:int" minOccurs="0" />
                <xs:element name="OperationCost" type="xs:decimal" minOccurs="0" />
                <xs:element name="OperationPrice" type="xs:decimal" />
                <xs:element name="OperationAmount" type="xs:decimal" />
                <xs:element name="Points" type="xs:decimal" />
                <xs:element name="ProductIVACodeApplied" minOccurs="0">
                  <xs:simpleType>
                    <xs:restriction base="xs:string">
                      <xs:maxLength value="50" />
                    </xs:restriction>
                  </xs:simpleType>
                </xs:element>
                <xs:element name="ProductIVAApplied" type="xs:decimal" minOccurs="0" />
                <xs:element name="Management" type="xs:decimal" />
                <xs:element name="Pediment" minOccurs="0">
                  <xs:simpleType>
                    <xs:restriction base="xs:string">
                      <xs:maxLength value="20" />
                    </xs:restriction>
                  </xs:simpleType>
                </xs:element>
                <xs:element name="AddedDate" type="xs:dateTime" />
                <xs:element name="Invoice1" minOccurs="0">
                  <xs:simpleType>
                    <xs:restriction base="xs:string">
                      <xs:maxLength value="50" />
                    </xs:restriction>
                  </xs:simpleType>
                </xs:element>
                <xs:element name="Invoice2" minOccurs="0">
                  <xs:simpleType>
                    <xs:restriction base="xs:string">
                      <xs:maxLength value="50" />
                    </xs:restriction>
                  </xs:simpleType>
                </xs:element>
                <xs:element name="Invoice3" minOccurs="0">
                  <xs:simpleType>
                    <xs:restriction base="xs:string">
                      <xs:maxLength value="50" />
                    </xs:restriction>
                  </xs:simpleType>
                </xs:element>
                <xs:element name="String1" minOccurs="0">
                  <xs:simpleType>
                    <xs:restriction base="xs:string">
                      <xs:maxLength value="50" />
                    </xs:restriction>
                  </xs:simpleType>
                </xs:element>
                <xs:element name="String2" minOccurs="0">
                  <xs:simpleType>
                    <xs:restriction base="xs:string">
                      <xs:maxLength value="50" />
                    </xs:restriction>
                  </xs:simpleType>
                </xs:element>
              </xs:sequence>
            </xs:complexType>
          </xs:element>
        </xs:choice>
      </xs:complexType>
    </xs:element>
  </xs:schema>
  <Xml_Synchronization>
    <IdShop>7201</IdShop>
    <LastInitialDateIn>2012-02-22T05:20:00-06:00</LastInitialDateIn>
    <LastFinalDateIn>2012-01-11T16:24:02.013-06:00</LastFinalDateIn>
    <LastNotesIn>El proceso de Importación del POS ha fallado para la tienda 7201. Error: Error! Descargando el archivo de Importación para la tienda 7201 desde ftp:///192.168.71.1/MegaFtp/IN/7201-WebExport.zip.</LastNotesIn>
    <DaysPlanIn>1,1,1,1,1,1,1</DaysPlanIn>
    <HoursPlanIn>8:50,10:50,12:50,14:50,16:50,18:50,20:50,22:50,00:50</HoursPlanIn>
    <LastInitialDateOut>2012-02-22T00:00:00-06:00</LastInitialDateOut>
    <LastFinalDateOut>2012-02-23T11:31:15.6893158-06:00</LastFinalDateOut>
    <LastNotesOut>El proceso de Exportación del POS ha fallado para la tienda 7201. Error: Error! Subiendo Archivo de Exportación para la tienda 7201 al FTP ftp://192.168.71.1:21/MegaFtp/OUT/7201-PosExport.zip.</LastNotesOut>
    <DaysPlanOut>1,1,1,1,1,1,1</DaysPlanOut>
    <HoursPlanOut>8,9,10,11,12,13,14,15,16,17,18,19,20,21,22,23,00</HoursPlanOut>
  </Xml_Synchronization>
</PosOutDataSet>